CS2405A ,ITS587 ,27
CS2405B ,ITS587 ,19
CS2405C ,ITS587 ,1
CS2406A ,ITS610 ,17
CS2496A ,STA400 ,30
CS2496B ,STA400 ,5
CS2536A ,ITS610 ,18
CS2536B ,MAT421 ,3
CS2537A ,EET699 ,1
CS772FP ,STA799 ,6
CS7271B ,CSP750 ,14
CS2434B ,ELC550 ,1
CS2435B ,ITS674 ,28
CS2435C ,DSC551 ,22
CS2435A ,ITS674 ,31
CS7711A ,STA768 ,14
CS2432A ,MAT423 ,2
CS2433C ,MAT423 ,3
CS2494A ,STA400 ,36
CS2494B ,STA470 ,26
CS2451A ,STA416 ,10
CS2453A ,ITT593 ,5
CS2422A ,STA450 ,23
CS2422B ,STA450 ,28
CS2422C ,STA450 ,27
CS2495A ,MAT631 ,1
CS2492A ,MAT523 ,1
CS2493A ,PHI454 ,29
CS2497A ,STA470 ,2
CS2423G ,MKT404 ,29
CS2423A ,QMT261 ,28
CS2423C ,MKT404 ,29
CS2423D ,MKT404 ,31
CS2423B ,ECO415 ,8
CS2423E ,MKT404 ,30
CS2423F ,MKT404 ,33
CS2424A ,ELC550 ,22
CS2424B ,ELC550 ,6
CS2424C ,ELC550 ,8
CS2424D ,ELC550 ,25
CS2425A ,STA555 ,34
CS2425B ,STA555 ,35
CS2425C ,STA555 ,32
CS2425D ,STA555 ,32
CS2415B ,STA650 ,23
CS2415A ,STA650 ,28
CS2426A ,MSP660 ,28
CS2426B ,MSP660 ,24
CS7712D ,ASC713 ,3
CS2303A ,STA404 ,15
CS2303B ,ITS472 ,24
CS2305A ,ENT600 ,1
CS2305B ,ITS472 ,1
CS2403A ,CSC520 ,1
CS2403B ,ELC590 ,1
CS2404A ,ELC550 ,12
CS2413A ,STA500 ,21
CS2413B ,STA500 ,21
CS2414A ,ELC550 ,10
CS2414B ,ELC550 ,1
CS2415C ,STA650 ,28
CS2433A ,ELC501 ,1
CS2433B ,ITS661 ,32
CS2434A ,ELC590 ,1
CS2434C ,ITS462 ,1
CS2434D ,ITS665 ,1
CS2443A ,ITS583 ,31
CS2453B ,ITT593 ,15
CS2454A ,QMT437 ,12
CS2455A ,ITT651 ,27
CS2463A ,ITS473 ,32
CS2465A ,ITS670 ,20
CS2465B ,ITS670 ,23
CS2513A ,ITT531 ,32
CS2515A ,ITT593 ,29
CS2534A ,QMT437 ,4
CS2535A ,ENT600 ,19
CS2535B ,ENT600 ,16
CS2431A ,STA416 ,5
CS2302A ,MAT421 ,6
CS2302B ,MAT423 ,1
CS2458P ,ITS587 ,6
CS2432B ,ITT400 ,18
CS2401A ,STA416 ,23
CS2452B ,MGT400 ,26
AS2512D ,MAT441 ,2
CS2402A ,QMT437 ,20
CS2402B ,QMT437 ,13
CS2452A ,MGT400 ,24
CS2436A ,ITS669 ,3
CS2516A ,ITT420 ,18
CS2477C ,PHY431 ,1
CS2535AK ,CSC574 ,1
CS2305AK ,ITT531 ,1
CS7071B ,CSC785 ,11
CS7072B ,CSC789 ,13
CS7073B ,ITS773 ,5
CS2307A ,CST699 ,1
CS22510P ,CSP650 ,1
C770F2T ,ICT708 ,13
C770P3M ,ICT707 ,13
C770P4M ,SYS798 ,2
C770P4T ,SYS798 ,1
C770F3M ,ICT755 ,2
CS2437A ,ITS472 ,1
CS2416A ,STA680 ,29
CS2495B ,ENT600 ,5
CS2412A ,STA470 ,25
C770F1 ,ICT704 ,11
C770P1 ,ICT703 ,12
C770P2 ,ICT707 ,7
CS2434E ,ITS661 ,4
CS7081 ,ITT784 ,10
CS7082 ,ITT798 ,11
CS7083 ,ITT796 ,9
AS2512M ,MAT441 ,1
CS7731A ,MAT723 ,21
CS7731B ,MAT725 ,27
CS7731C ,MAT723 ,29
CS7732B ,MAT769 ,3
CS7732C ,MAT740 ,5
CS7713A ,QMT799 ,9
CS2427A ,EET699 ,1
CS2422D ,QMT211 ,15
CS7712A ,QMT761 ,11
CS7712B ,QMT752 ,16
CS7712C ,QMT759 ,8
